TABLE_NAME,OP_TYPE,C0,C1,C2
SCOTT.CUSTOMERS,INSERT,1,delta_india_echo,8
SCOTT.CUSTOMERS,INSERT,2,charlie,C
SCOTT.CUSTOMERS,INSERT,3,alpha_hotel,B
SCOTT.CUSTOMERS,INSERT,4,golf,8
SCOTT.CUSTOMERS,INSERT,5,november_sierra_alpha,K
SCOTT.CUSTOMERS,INSERT,6,whiskey,R
SCOTT.CUSTOMERS,INSERT,7,golf,V
SCOTT.CUSTOMERS,INSERT,8,charlie,W
SCOTT.CUSTOMERS,INSERT,9,tango_bravo,8
SCOTT.CUSTOMERS,INSERT,10,delta,Y
SCOTT.CUSTOMERS,INSERT,11,romeo_uniform,X
SCOTT.CUSTOMERS,INSERT,12,golf,C
SCOTT.CUSTOMERS,INSERT,13,victor_juliet,O
SCOTT.CUSTOMERS,INSERT,14,delta,3
SCOTT.CUSTOMERS,INSERT,15,lima_lima_india,E
SCOTT.CUSTOMERS,INSERT,16,tango,8
SCOTT.CUSTOMERS,INSERT,17,xray_oscar,9
SCOTT.CUSTOMERS,INSERT,18,victor_yankee,O
SCOTT.CUSTOMERS,INSERT,19,zulu_india_sierra,U
SCOTT.CUSTOMERS,INSERT,20,uniform,3
SCOTT.ORDERS,INSERT,1,9,18740864.31
SCOTT.ORDERS,INSERT,2,9,78461803.54
SCOTT.ORDERS,INSERT,3,13,48586340.28
SCOTT.ORDERS,INSERT,4,17,66238574.11
SCOTT.ORDERS,INSERT,5,5,84214382.20
SCOTT.ORDERS,INSERT,6,3,51642594.48
SCOTT.ORDERS,INSERT,7,17,33744231.70
SCOTT.ORDERS,INSERT,8,4,91497616.68
SCOTT.ORDERS,INSERT,9,11,14972279.37
SCOTT.ORDERS,INSERT,10,6,60897765.00
SCOTT.ORDERS,INSERT,11,17,23978249.64
SCOTT.ORDERS,INSERT,12,10,85758349.64
SCOTT.ORDERS,INSERT,13,5,50185867.97
SCOTT.ORDERS,INSERT,14,18,71182864.00
SCOTT.ORDERS,INSERT,15,1,15014631.46
SCOTT.ORDERS,INSERT,16,8,7774584.30
SCOTT.ORDERS,INSERT,17,3,98234974.62
SCOTT.ORDERS,INSERT,18,5,17232410.84
SCOTT.ORDERS,INSERT,19,18,22162965.33
SCOTT.ORDERS,INSERT,20,20,56792612.27
SCOTT.ORDERS,INSERT,21,7,95690391.39
SCOTT.ORDERS,INSERT,22,12,58800797.66
SCOTT.ORDERS,INSERT,23,4,33273328.28
SCOTT.ORDERS,INSERT,24,1,78961459.70
SCOTT.ORDERS,INSERT,25,19,29557077.00
SCOTT.ORDERS,INSERT,26,2,30728046.08
SCOTT.ORDERS,INSERT,27,11,9510312.65
SCOTT.ORDERS,INSERT,28,9,89788677.62
SCOTT.ORDERS,INSERT,29,5,97086737.73
SCOTT.ORDERS,INSERT,30,16,32614537.60
SCOTT.ORDERS,INSERT,31,7,12660194.12
SCOTT.ORDERS,INSERT,32,14,55177213.59
SCOTT.ORDERS,INSERT,33,4,8135295.51
SCOTT.ORDERS,INSERT,34,8,25714784.24
SCOTT.ORDERS,INSERT,35,5,56623995.23
SCOTT.ORDERS,INSERT,36,15,33528453.09
SCOTT.ORDERS,INSERT,37,4,6789850.83
SCOTT.ORDERS,INSERT,38,1,12517517.96
SCOTT.ORDERS,INSERT,39,6,54547971.62
SCOTT.ORDERS,INSERT,40,13,7869910.21
SCOTT.ORDER_ITEMS,INSERT,1,25,india
SCOTT.ORDER_ITEMS,INSERT,2,19,november
SCOTT.ORDER_ITEMS,INSERT,3,36,victor
SCOTT.ORDER_ITEMS,INSERT,4,19,golf
SCOTT.ORDER_ITEMS,INSERT,5,35,bravo
SCOTT.ORDER_ITEMS,INSERT,6,4,sierra
SCOTT.ORDER_ITEMS,INSERT,7,34,foxtrot_quebec_foxtr
SCOTT.ORDER_ITEMS,INSERT,8,5,victor
SCOTT.ORDER_ITEMS,INSERT,9,8,sierra_tango_charlie
SCOTT.ORDER_ITEMS,INSERT,10,38,sierra
SCOTT.ORDER_ITEMS,INSERT,11,21,hotel_echo
SCOTT.ORDER_ITEMS,INSERT,12,21,yankee
SCOTT.ORDER_ITEMS,INSERT,13,30,tango
SCOTT.ORDER_ITEMS,INSERT,14,35,golf
SCOTT.ORDER_ITEMS,INSERT,15,5,hotel
SCOTT.ORDER_ITEMS,INSERT,16,29,romeo
SCOTT.ORDER_ITEMS,INSERT,17,34,alpha
SCOTT.ORDER_ITEMS,INSERT,18,20,victor_echo_delta
SCOTT.ORDER_ITEMS,INSERT,19,18,juliet
SCOTT.ORDER_ITEMS,INSERT,20,14,victor
SCOTT.ORDER_ITEMS,INSERT,21,33,papa_bravo_november
SCOTT.ORDER_ITEMS,INSERT,22,3,alpha_echo
SCOTT.ORDER_ITEMS,INSERT,23,11,xray
SCOTT.ORDER_ITEMS,INSERT,24,36,alpha_whiskey
SCOTT.ORDER_ITEMS,INSERT,25,3,lima
SCOTT.ORDER_ITEMS,INSERT,26,9,bravo_zulu
SCOTT.ORDER_ITEMS,INSERT,27,23,golf
SCOTT.ORDER_ITEMS,INSERT,28,23,yankee
SCOTT.ORDER_ITEMS,INSERT,29,40,xray_hotel
SCOTT.ORDER_ITEMS,INSERT,30,12,november_xray
SCOTT.ORDER_ITEMS,INSERT,31,16,india_whiskey_bravo
SCOTT.ORDER_ITEMS,INSERT,32,31,hotel_oscar_zulu
SCOTT.ORDER_ITEMS,INSERT,33,13,mike_charlie
SCOTT.ORDER_ITEMS,INSERT,34,33,mike
SCOTT.ORDER_ITEMS,INSERT,35,35,kilo
SCOTT.ORDER_ITEMS,INSERT,36,12,sierra
SCOTT.ORDER_ITEMS,INSERT,37,3,delta
SCOTT.ORDER_ITEMS,INSERT,38,21,november
SCOTT.ORDER_ITEMS,INSERT,39,8,mike
SCOTT.ORDER_ITEMS,INSERT,40,17,bravo
SCOTT.ORDER_ITEMS,INSERT,41,35,victor
SCOTT.ORDER_ITEMS,INSERT,42,13,lima
SCOTT.ORDER_ITEMS,INSERT,43,22,tango_delta
SCOTT.ORDER_ITEMS,INSERT,44,20,victor
SCOTT.ORDER_ITEMS,INSERT,45,19,romeo_november
SCOTT.ORDER_ITEMS,INSERT,46,12,tango
SCOTT.ORDER_ITEMS,INSERT,47,1,juliet_november
SCOTT.ORDER_ITEMS,INSERT,48,21,oscar
SCOTT.ORDER_ITEMS,INSERT,49,14,quebec
SCOTT.ORDER_ITEMS,INSERT,50,11,victor_quebec
SCOTT.ORDER_ITEMS,INSERT,51,22,charlie
SCOTT.ORDER_ITEMS,INSERT,52,16,victor_zulu_alpha_pa
SCOTT.ORDER_ITEMS,INSERT,53,30,november
SCOTT.ORDER_ITEMS,INSERT,54,25,papa
SCOTT.ORDER_ITEMS,INSERT,55,1,yankee
SCOTT.ORDER_ITEMS,INSERT,56,7,yankee
SCOTT.ORDER_ITEMS,INSERT,57,34,oscar_hotel
SCOTT.ORDER_ITEMS,INSERT,58,9,zulu
SCOTT.ORDER_ITEMS,INSERT,59,36,tango_yankee
SCOTT.ORDER_ITEMS,INSERT,60,33,november
SCOTT.ORDERS,INSERT,41,16,60407340.33
SCOTT.ORDER_ITEMS,INSERT,61,34,papa
SCOTT.CUSTOMERS,INSERT,21,india_romeo_echo_whiskey_golf_november_oscar,N
SCOTT.ORDER_ITEMS,INSERT,62,38,whiskey_yankee
SCOTT.ORDER_ITEMS,INSERT,63,25,november
SCOTT.ORDER_ITEMS,UPDATE,32,31,hotel_oscar_zulu
SCOTT.ORDERS,INSERT,42,13,97197979.21
SCOTT.ORDER_ITEMS,DELETE,35,35,kilo
SCOTT.ORDER_ITEMS,INSERT,64,2,charlie
SCOTT.CUSTOMERS,INSERT,22,kilo_kilo_mike_november_charlie,8
SCOTT.CUSTOMERS,DELETE,21,india_romeo_echo_whiskey_golf_november_oscar,N
SCOTT.CUSTOMERS,DELETE,22,kilo_kilo_mike_november_charlie,8
SCOTT.ORDER_ITEMS,DELETE,13,30,tango
SCOTT.ORDER_ITEMS,UPDATE,16,29,romeo
SCOTT.ORDERS,INSERT,43,9,49512272.21
SCOTT.ORDER_ITEMS,INSERT,65,2,juliet
SCOTT.ORDERS,UPDATE,5,20,93575660.98
SCOTT.ORDER_ITEMS,UPDATE,37,3,delta
SCOTT.ORDER_ITEMS,INSERT,66,42,kilo_november
SCOTT.ORDERS,INSERT,44,15,94933359.19
SCOTT.ORDER_ITEMS,DELETE,63,25,november
SCOTT.ORDER_ITEMS,INSERT,67,31,oscar
SCOTT.ORDERS,INSERT,45,8,11631697.35
SCOTT.ORDERS,INSERT,46,20,89682738.48
SCOTT.ORDERS,INSERT,47,16,28470244.45
SCOTT.ORDERS,INSERT,48,9,74597009.01
SCOTT.ORDER_ITEMS,INSERT,68,47,november
SCOTT.ORDER_ITEMS,UPDATE,65,38,juliet_whiskey_victo
SCOTT.ORDERS,INSERT,49,14,73871890.42
SCOTT.ORDER_ITEMS,INSERT,69,17,hotel_golf_xray
SCOTT.CUSTOMERS,INSERT,23,papa_sierra,7
SCOTT.ORDERS,DELETE,39,6,54547971.62
SCOTT.ORDERS,INSERT,50,10,1898961.90
SCOTT.ORDERS,DELETE,10,6,60897765.00
SCOTT.ORDER_ITEMS,UPDATE,65,38,sierra_papa
SCOTT.CUSTOMERS,INSERT,24,papa_charlie,E
SCOTT.ORDERS,UPDATE,50,10,11432787.31
SCOTT.ORDERS,INSERT,51,20,83002706.28
SCOTT.ORDERS,INSERT,52,19,57556566.39
SCOTT.ORDER_ITEMS,UPDATE,64,14,charlie
SCOTT.ORDER_ITEMS,INSERT,70,12,romeo_alpha
SCOTT.ORDERS,INSERT,53,8,38668783.90
SCOTT.ORDER_ITEMS,INSERT,71,15,india
SCOTT.ORDERS,UPDATE,13,9,86924061.19
SCOTT.ORDER_ITEMS,INSERT,72,11,zulu_xray
SCOTT.ORDERS,INSERT,54,10,93916665.51
SCOTT.ORDERS,INSERT,55,3,80267122.05
SCOTT.ORDERS,INSERT,56,3,30725714.86
SCOTT.ORDERS,INSERT,57,24,36173157.73
SCOTT.ORDER_ITEMS,INSERT,73,34,uniform
SCOTT.ORDER_ITEMS,INSERT,74,55,papa
SCOTT.ORDERS,INSERT,58,4,21585546.42
SCOTT.ORDER_ITEMS,INSERT,75,26,yankee
SCOTT.ORDERS,INSERT,59,13,69067939.00
SCOTT.ORDERS,INSERT,60,12,83568503.96
SCOTT.ORDER_ITEMS,UPDATE,27,45,juliet
SCOTT.CUSTOMERS,DELETE,23,papa_sierra,7
SCOTT.ORDER_ITEMS,INSERT,76,1,romeo
SCOTT.ORDERS,INSERT,61,5,66890827.91
SCOTT.ORDER_ITEMS,INSERT,77,31,papa_romeo_golf
SCOTT.ORDER_ITEMS,INSERT,78,5,india
SCOTT.ORDERS,DELETE,51,20,83002706.28
SCOTT.ORDER_ITEMS,INSERT,79,20,sierra
SCOTT.ORDERS,INSERT,62,18,65007200.44
SCOTT.ORDER_ITEMS,INSERT,80,21,golf
SCOTT.ORDERS,INSERT,63,14,5858241.40
SCOTT.ORDER_ITEMS,UPDATE,50,7,bravo_sierra_delta
SCOTT.ORDER_ITEMS,INSERT,81,50,november
SCOTT.CUSTOMERS,UPDATE,9,kilo,Y
SCOTT.ORDER_ITEMS,UPDATE,65,15,uniform
SCOTT.CUSTOMERS,DELETE,6,whiskey,R
SCOTT.ORDERS,UPDATE,60,12,43536830.07
SCOTT.ORDERS,INSERT,64,5,32775624.67
SCOTT.ORDER_ITEMS,INSERT,82,12,charlie
SCOTT.ORDER_ITEMS,INSERT,83,62,sierra_oscar
SCOTT.ORDERS,INSERT,65,15,38605268.86
SCOTT.CUSTOMERS,UPDATE,19,oscar,M
SCOTT.ORDER_ITEMS,INSERT,84,25,sierra
SCOTT.ORDER_ITEMS,INSERT,85,56,victor
SCOTT.ORDER_ITEMS,UPDATE,7,54,yankee
SCOTT.ORDERS,UPDATE,40,2,84322033.12
SCOTT.ORDERS,INSERT,66,19,48970845.93
SCOTT.ORDER_ITEMS,INSERT,86,27,foxtrot_zulu
SCOTT.ORDERS,INSERT,67,24,34489940.61
SCOTT.ORDER_ITEMS,INSERT,87,15,oscar
SCOTT.ORDER_ITEMS,INSERT,88,53,zulu
SCOTT.CUSTOMERS,INSERT,25,oscar,Q
SCOTT.ORDERS,UPDATE,48,8,74597009.01
SCOTT.CUSTOMERS,UPDATE,18,uniform,T
SCOTT.ORDER_ITEMS,INSERT,89,6,bravo_papa_hotel
SCOTT.ORDERS,UPDATE,56,20,87902129.12
SCOTT.ORDERS,DELETE,43,9,49512272.21
SCOTT.ORDERS,INSERT,68,8,48678896.12
SCOTT.ORDERS,DELETE,41,16,60407340.33
SCOTT.CUSTOMERS,INSERT,26,delta,3
SCOTT.ORDER_ITEMS,UPDATE,80,21,zulu_echo
SCOTT.CUSTOMERS,UPDATE,7,kilo,V
SCOTT.CUSTOMERS,UPDATE,5,november_sierra_alpha,L
SCOTT.CUSTOMERS,UPDATE,5,november_sierra_alpha,P
SCOTT.ORDERS,INSERT,69,9,7032877.16
